address,latitude,longitude
"234 Union Street, Aberdeen, AB10 1TL, UK",57.144377149389, -2.106853379876
"George Street, Aberdeen, AB25 1HJ, UK",57.1526183035, -2.104229518261
"Kimberley Way, Ashford, TN24 0SD, UK",51.135055634343, 0.875751168489
"Kimberley Way, Ashford, TN24 0SD, UK",51.135055634343, 0.875751168489
"Festival Way, Basingstoke, RG21 7LG, UK",51.265644892708, -1.087948065758
"Saint Lawrence Street, Bath, BA1 1AP, UK",51.378603317485, -2.358374438415
"2 Stall Street, Bath, BA1 1QL, UK",51.381387655312, -2.360340376326
"212-214 High Street, Beckenham, BR3 1EN, UK",51.406718986764, -0.028553204624
"11 Donegall Square West, Belfast, BT1 6JH, UK",54.596509320939, -5.931971113166
"Retail Unit 2, Grand Central Station Belfast, Belfast, BT12 5AH, UK",54.5944585, -5.9394893
"Pingle Drive, Bicester, OX26 6WD, UK",51.891947055222, -1.154463941142
"Northampton Road, Bicester, OX27 7RD, UK",51.950022886484, -1.199760977737
"Moor Street, Birmingham, B5 4BP, UK",52.477837280593, -1.892902460831
"1 Newhall Street, Birmingham, B3 3NH, UK",52.481215690487, -1.901110607153
"Brindley Place, Birmingham, B1 2JB, UK",52.476712294511, -1.913597717983
"22-24 Colmore Row, Birmingham, B3 2QD, UK",52.481876100638, -1.897809813683
"Comet Road, Birmingham, B26 3QJ, UK",52.451284710528, -1.731062578843
"Station Street, Birmingham, B2 4PX, UK",52.47657171036, -1.899769961592
"6 Lord Bhattacharyya Way, Birmingham, CV4 7EZ, UK",52.386971415201, -1.558073508347
"52 New Street, Birmingham, B2 4EG, UK",52.479443420879, -1.900005620858
"Leicester Road, Birmingham, CV23 0EZ, UK",52.411551681539, -1.248273170203
"Station Street, Birmingham, B2 4PX, UK",52.47657171036, -1.899769961592
"Potter Street, Bishop's Stortford, CM23 3XH, UK",51.871025879807, 0.159901818335
"14 Commercial Road, Bournemouth, BH2 5LP, UK",50.720392703414, -1.881479184088
"The Avenue, Bracknell, RG12 1AP, UK",51.418220801939, -0.749665601528
"Market St, Bradford, BD1 1PR, UK",53.794144808219, -1.752613541555
"Charter Way, Braintree, CM77 8YH, UK",51.870827791299, 0.568237222505
"42 High Street, Brentwood, CM14 4AJ, UK",51.620147513049, 0.302572203941
"BRIGHTON, 42 EAST STREET, Brighton, BN1 1HL, UK",50.821745941852, -0.138722669991
"unit2 and 3 station Queen's Road, Brighton, BN1 3XP, UK",50.824334212031, -0.143345715545
"77 North Street, Brighton, BN1 1ZA, UK",50.823603090884, -0.143771922716
"Cribbs Causeway, Bristol, BS34 5DG, UK",51.525158589485, -2.595356825085
"32 Victoria Street, Bristol, BS1 6BX, UK",51.452758685431, -2.588351230411
"A4044, Bristol, BS1 3BD, UK",51.458153487862, -2.584596221607
"29-30 Queens Road, Bristol, BS8 1QE, UK",51.455936823465, -2.605745303482
"42 Baldwin Street, Bristol, BS1 1PN, UK",51.453251080333, -2.593916897939
"410-422 Gloucester Road, Bristol, BS7 8TX, UK",51.484854535258, -2.58636896719
"86 High Street, Bromley, BR1 1EY, UK",51.402846002673, 0.015064040206
"Fiveways Roundabout, Bury Saint Edmunds, IP28 6AE, UK",52.3373019, 0.5348724
"Station Square, Cambridge, CB1 2GA, UK",52.195122477345, 0.137175066912
"22 Market Street, Cambridge, CB2 3NZ, UK",52.20578299938, 0.119582265671
"10 Parade, Canterbury, CT1 2SG, UK",51.278444813228, 1.080630496648
"Ten Perch Road, Canterbury, CT1 3TQ, UK",51.270024926398, 1.062563519201
"3 Bridge Street, Cardiff, CF10 2EF, UK",51.479212307129, -3.17517900056
"Unit 6 Central Square, Cardiff, CF10 1FS, UK",51.476329980174, -3.180969973645
"13-14 High Street, Chelmsford, CM1 1BE, UK",51.733800313792, 0.473616756005
"163 High Street, Cheltenham, GL50 1DF, UK",51.900400300215, -2.073660056699
"Kinsey Road, Chester, CH65 9JJ, UK",53.263614216476, -2.88125138864
"21-23 Northgate Street, Chester, CH1 2HA, UK",53.191084497276, -2.891731057538
"31-33 East Street, Chichester, PO19 1HL, UK",50.836365679668, -0.776309240971
"17/18 M4, Chippenham, SN14 6LB, UK",51.511775414232, -2.158602672703
"Unit 7 Lion Walk, Lion Walk Shopping Centre Colchester, Colchester, CO1 1LX, UK",51.888289582864, 0.900724092918
"26 The Martletts, Crawley, RH10 1ES, UK",51.114163317472, -0.186581114849
"Perimeter Road East, Crawley, RH6 0NP, UK",51.15776400194, -0.162952269133
"93a George Street, Croydon, CR0 1LD, UK",51.374497672084, -0.094564668673
"5 Whitehall Crescent, Dundee, DD1 4AR, UK",56.459559382153, -2.969433033359
"251 Brook Street, Dundee, DD5 2AG, UK",56.467106495905, -2.873827309515
"147-149 London Road, East Grinstead, RH19 1ET, UK",51.128099118885, -0.012691039598
"142 Terminus Road, Eastbourne, BN21 3AN, UK",50.768200103551, 0.286416420846
"Station Road, Edenbridge, TN8 6HL, UK",51.207438366698, 0.061437890667
"116 Lothian Road, Edinburgh, EH3 9BE, UK",55.945990409677, -3.205951733145
"Eastfield Avenue, Edinburgh, EH12 9DN, UK",55.948128297901, -3.361410807521
"135 Princes Street, Edinburgh, EH2 4BL, UK",55.950578412018, -3.20683426373
"Princes Street, Edinburgh, EH1 1BB, UK",55.951961509861, -3.18994397446
"30 North Bridge, Edinburgh, EH1 1QG, UK",55.950921155918, -3.188028575133
"25 Castle Street, Edinburgh, EH2 3DN, UK",55.952310783766, -3.202845399828
"51 Hanover Street, Edinburgh, EH2 2PJ, UK",55.953100694322, -3.196570371835
"Eastfield Avenue, Edinburgh, EH12 9DN, UK",55.948128297901, -3.361410807521
"1 Albert Place, Edinburgh, EH7 4PA, UK",55.96251810714, -3.177710944431
"124-130 Bruntsfield Place, Edinburgh, EH10 4ES, UK",55.937199301988, -3.207389061901
"9 Haymarket Square, Edinburgh, Edinburgh, EH3 8RY, UK",55.945678016146, -3.215547922633
"Hatton Walk, Enfield, EN2 6LF, UK",51.651930893609, -0.081890272015
"93-95 High Street, Epsom, KT18 5DA, UK",51.333143101695, -0.267322613051
"Stocker Road, Exeter, EX4 4SZ, UK",50.735290404752, -3.53369152338
"247-249 High Street, Exeter, EX4 3PZ, UK",50.725268482701, -3.527820501
"30 Sandygate Roundabout, Exeter, EX2 7HF, UK",50.714132385661, -3.464394390334
"M3, Fleet, GU51 1AA, UK",51.296587903656, -0.855617970627
"M3, Fleet, GU51 1AA, UK",51.296587903656, -0.855617970627
"Pier Four Road North, Gatwick, RH6 0NP, UK",51.157928510177, -0.163944494056
"Departures Road, Gatwick, RH6 0NP, UK",51.157928510177, -0.163944494056
"Perimeter Road East, Gatwick, RH6 0NP, UK",51.157928510177, -0.163944494056
"Perimeter Road East, Gatwick, RH6 0NP, UK",51.157928510177, -0.163944494056
"Gatwick Airport - South Airside Pier3 UNIT 3B, Gatwick, RH6 0NP, UK",51.157928510177, -0.163944494056
"Departures Road, Gatwick, RH6 0NP, UK",51.157928510177, -0.163944494056
"144-146 Queen Street, Glasgow, G1 3BS, UK",55.860539086098, -4.251059388859
"34 Sauchiehall Street, Glasgow, G2 3AH, UK",55.864631298866, -4.254889583334
"65-69 Bothwell Street, Glasgow, G2 6TS, UK",55.860981105762, -4.260729674371
"27 Gordon Street, Glasgow, G1 3PL, UK",55.860309589589, -4.255325609937
"268 Byres Road, Glasgow, G12 8SH, UK",55.875445714162, -4.293165376546
"Gordon Street, Glasgow, G1 3PL, UK",55.860364908819, -4.254476356159
"Unit 68, Gloucester Quays Designer Outlet Gloucester Quays, Gloucester, GL1 5SH, UK",51.860509692626, -2.252952895245
"West Thurrock Way, Grays, RM20 2ZP, UK",51.483689186388, 0.284995646349
"Eastern Mall, Greenhithe, DA9 9SH, UK",51.439324883483, 0.272501958661
"26/28 Swan Lane, Guildford, GU1 4EQ, UK",51.235961597988, -0.574525567039
"4-6 James Street, Harrogate, HG1 1RF, UK",53.99235038309, -1.538759863514
"68-70 Saint Anns Road, Harrow, HA1 1JX, UK",51.581659992962, -0.336817475193
"Swindon Road, Heathrow, TW6 3XA, UK",51.458490901374, -0.449031880335
"1-2 Bush walk 37 market place, Heathrow, RG40 1AT, UK",51.410658397437, -0.833383715168
"12-16 Market Place, Henley-on-Thames, RG9 2AH, UK",51.537713004061, -0.90545400088
"18/19 M62, Heywood, OL10 2QH, UK",53.566822816416, -2.22540308825
"14-15 West Street, Horsham, RH12 1PB, UK",51.063288054838, -0.332180572709
"Cromer Road West, Hounslow, TW6 1QG, UK",51.470410512514, -0.456358334262
"Widgeon Road, Hounslow, TW6 2GA, UK",51.471491694204, -0.487258639414
"Contrail Way, Hounslow, TW6 1QG, UK",51.470193715107, -0.454220323067
"Wellington Road, Hounslow, TW6 2GA, UK",51.473294704442, -0.489769354691
"Cayley Road, Hounslow, TW6 1EW, UK",51.470946199946, -0.45030224158
"198 High Street, Hounslow, TW3 1HL, UK",51.468638779594, -0.362849699488
"130 Eastern Avenue, Ilford, IG4 5AQ, UK",51.575879079254, 0.046240884988
"A591 Near Windermere, Ings, LA8 9PY, UK",54.380262379712, -2.853321294698
"85-87 Clarence Street, Kingston upon Thames, KT1 1RB, UK",51.41084858282, -0.30196367777
"1 Church Street, Kingston upon Thames, KT1 1JP, UK",51.410113992826, -0.305738635504
"32 M6, Lancaster, LA2 9DU, UK",53.96165718509, -2.760577799175
"New Station Street, Leeds, LS1 5DL, UK",53.795488092022, -1.545112236191
"42-44 Woodhouse Lane, Leeds, LS2 8LX, UK",53.80137399016, -1.544775199864
"Century Way, Leeds, LS15 8GH, UK",53.799926812667, -1.425414970808
"6 Lands Lane, Leeds, LS1 6AW, UK",53.797691694367, -1.54328833406
"10 Infirmary Street, Leeds, LS1 2JP, UK",53.797390700224, -1.549099591351
"4 Wellington Place, Leeds, LS1 4AP, UK",53.795651413405, -1.556990734095
"25-27 Gallowtree Gate, Leicester, LE1 5AD, UK",52.635913177883, -1.132859680515
"M4, Leigh Delamere, SN14 6LB, UK",51.510595219552, -2.157376814823
"3 Derby Square, Liverpool, L2 9UJ, UK",53.405197846426, -2.989874902642
"4 Paradise Street, Liverpool, L1 8BQ, UK",53.404813284709, -2.987423028325
"1 Old Hall Street, Liverpool, L3 9SX, UK",53.408014584988, -2.993013422467
"Broad Lane, London, N15 4QT, UK",51.587091949843, -0.063746328813
"37 Shelton Street, London, WC2H 9HN, UK",51.514131692943, -0.124312928004
"14 Warren Street, London, W1T 5LL, UK",51.524106702546, -0.139003722062
"67 Tottenham Court Road, London, W1T 2EY, UK",51.520257606879, -0.134243136334
"Euston Road, London, N1C 4QP, UK",51.531427498689, -0.126133058279
"York Way, London, N1C 9AP, UK",51.534314058504, -0.122323273738
"Euston Road, London, N1C 4AP, UK",51.53090450984, -0.124352406768
"26 Edgware Road, London, W2 2EH, UK",51.514127879177, -0.16110378325
"217 Strand, London, WC2R 1AT, UK",51.51329828031, -0.112789822795
"35-37 King's Road, London, SW3 4NB, UK",51.490219300209, -0.162216106546
"12 Parkfield Street, London, N1 0PS, UK",51.534766857121, -0.105703625589
"Marylebone Road, London, NW1 5LA, UK",51.522337431492, -0.156035687706
"Cab Rd, London, SE1 7NQ, UK",51.497266914086, -0.102919465038
"Paddington Subway Sta, London, W2 1HB, UK",51.517506205252, -0.177439525806
"Whitecross Street, London, EC1Y 8NX, UK",51.521847402454, -0.092337392314
"St Thomas St, London, SE1 9SP, UK",51.504789684669, -0.087023768615
"21 Station Street, London, E15 1DA, UK",51.541699982035, -0.002669971438
"Hartmann Road, London, E16 2PX, UK",51.503723213218, 0.04801841455
"13 Hanover Square, London, W1S 1HN, UK",51.514417503817, -0.143948476334
"341 Kentish Town Road, London, NW5 2TJ, UK",51.550539704762, -0.140954023293
"Wilton Road, London, SW1V 1JU, UK",51.495735301401, -0.144740967147
"2-4 Circus Road, London, NW8 6PG, UK",51.533951914707, -0.171705117147
"65 Notting Hill Gate, London, W11 3JS, UK",51.508918251619, -0.196567372173
"231 Camden High Street, London, NW1 7BU, UK",51.540014004121, -0.143742179565
"143 Fleet Street, London, EC4Y 1HY, UK",51.51434668876, -0.106979738971
"62-63 Fenchurch Street, London, EC3M 4AQ, UK",51.512135081697, -0.079769566692
"62-65 Trafalgar Square, London, WC2N 5DS, UK",51.507402560041, -0.128601955312
"55 Bishopsgate, London, EC2N 3AS, UK",51.5154945904, -0.083060888612
"Canada Square, London, E14 5NN, UK",51.504065781601, -0.016909567647
"31 Cavendish Square, London, W1G 0PW, UK",51.516008141358, -0.144556273509
"136 Great Portland Street, London, W1W 6PY, UK",51.52023329936, -0.142584471098
"173 Victoria Street, London, SW1E 5NA, UK",51.496341983553, -0.142130926318
"5 Pall Mall East, London, SW1Y 5BA, UK",51.508191948823, -0.129687578234
"132 Brompton Road, London, SW3 1HY, UK",51.49875228363, -0.16575766735
"93-95 Victoria Street, London, SW1H 0HW, UK",51.496961992931, -0.134526528481
"Euston Road, London, NW1 3DP, UK",51.525234487618, -0.139303878015
"1 Commercial Street, London, E1 6BF, UK",51.51563649602, -0.072848293964
"117 Euston Road, London, NW1 2SX, UK",51.528759614854, -0.126749136766
"244 Great Portland Street, London, W1W 5QX, UK",51.521747133676, -0.143382336488
"280 High Holborn, London, WC1V 7EE, UK",51.517787795289, -0.115957930738
"11-15 Borough High Street, London, SE1 9SE, UK",51.505500511967, -0.088721523103
"Westferry Circus, London, E14 5NN, UK",51.504065781601, -0.016909567647
"40 Bernard Street, London, WC1N 1LE, UK",51.523263483086, -0.124826068117
"40 Vauxhall Bridge Road, London, SW1V 2RX, UK",51.49059761385, -0.132809411796
"77-80 Gracechurch Street, London, EC3V 0AS, UK",51.512419102486, -0.084474077488
"Elephant and Castle, London, SE1 6BH, UK",51.493744850854, -0.100686061243
"95 Farringdon Road, London, EC1R 3BT, UK",51.522281794586, -0.107702175205
"8B Leather Lane, London, EC1N 7RA, UK",51.518725803761, -0.108953148352
"11-13 Holborn Viaduct, London, EC1A 2AT, UK",51.517673801406, -0.105711640839
"80-82 Saint John's Road, London, SW11 1PX, UK",51.461340287449, -0.167518118474
"30 Gresham Street, London, EC2V 7PG, UK",51.515075285693, -0.092977015345
"9 Argyll Street, London, W1F 7TG, UK",51.514759247058, -0.140779375354
"High Road, London, N22 6YA, UK",51.594549893213, -0.109574860013
"54-60 York Way, London, N1 9AB, UK",51.533279186829, -0.122177219075
"42 Selborne Road, London, E17 7JR, UK",51.583370990857, -0.023808041599
"Queen Victoria Street, London, EC4V 4DD, UK",51.511927002977, -0.095962343384
"417 Brixton Road, London, SW9 8HE, UK",51.4621905694, -0.115116565779
"125 Old Broad Street, London, EC2N 1DW, UK",51.514509884415, -0.085319392423
"21 Crown Passage, London, SW1Y 6PP, UK",51.505728918829, -0.137802679156
"15 Theobalds Road, London, WC1X 8SL, UK",51.520406804756, -0.117137599791
"Kingsland High Street, London, E8 2JS, UK",51.547288705543, -0.075589944857
"2A Southwark Bridge Road, London, SE1 9HA, UK",51.507811904827, -0.094788660306
"Orchard Street, London, W1H 6HJ, UK",51.514604156021, -0.154106072191
"70 Chiswell Street, London, EC1Y 4AB, UK",51.520509483069, -0.089276824188
"1 Three Quays Walk, London, EC3R 6AH, UK",51.507138000572, -0.249263635021
"25 Saint Mary Axe, London, EC3A 8AA, UK",51.514566919084, -0.080998839126
"Old Brompton Road, London, SW7 2NB, UK",51.494071116435, -0.173922982148
"24 Wigmore Street, London, W1U 2RJ, UK",51.516755186728, -0.147424098173
"81 Piccadilly, London, W1J 8HY, UK",51.506658681439, -0.143583174862
"47 Great Peter Street, London, SW1P 3LT, UK",51.496823691529, -0.129168313057
"1 Great Tower Street, London, EC3R 5AA, UK",51.510219900641, -0.082530565598
"Retail Unit 2 Regent Street, London, SW1Y 4PE, UK",51.50848331988, -0.133577635472
"Euston Road, London, N1C 4QL, UK",51.531427498689, -0.126133058279
"Woburn Walk, London, WC1H 9LT, UK",51.52538230248, -0.128240939289
"51 Borough High Street, London, SE1 1NB, UK",51.504795510091, -0.089740511072
"192 Bishopsgate, London, EC2M 4NR, UK",51.517880205772, -0.079694213383
"10 Bressenden Place, London, SW1E 5DU, UK",51.497730233255, -0.142162558859
"129A Wilton Road, London, SW1V 1JZ, UK",51.494118516098, -0.142281716756
"57 Great Eastern Street, London, EC2A 3QD, UK",51.524657004424, -0.080939912102
"85 Aldgate High Street, London, EC3N 1LH, UK",51.513820893529, -0.075702378455
"78 Hatton Garden, London, EC1N 8JS, UK",51.520594626115, -0.108619349716
"350 Euston Road, London, NW1 3AX, UK",51.5242515789, -0.141750029692
"61-65 Conduit Street, London, W1S 2GB, UK",51.512580118846, -0.141167929462
"4 Wimbledon Hill Road, London, SW19 7NS, UK",51.421206205066, -0.207506341556
"319 High Holborn, London, WC1V 7PU, UK",51.518235319332, -0.11274168017
"99-119 Hammersmith Road, London, W14 0QH, UK",51.494434681486, -0.212536901335
"211-213 Baker Street, London, NW1 6UY, UK",51.522945892775, -0.158116892054
"2 Garratt Lane, London, SW18 4TF, UK",51.451335396362, -0.192658798859
"143-171 Moorgate, London, EC2M 6XB, UK",51.5189892992, -0.088137807366
"381 Oxford Street, London, W1C 2JS, UK",51.5138809064, -0.149231320317
"201 Bishopsgate, London, EC2M 3AB, UK",51.521034818851, -0.079441499002
"257-258 Upper Street, London, N1 1RU, UK",51.545851706316, -0.103467218626
"Endeavour Square, London, E20 1GL, UK",51.541953911792, -0.007688384507
"133 Houndsditch, London, EC3A 7BX, UK",51.515050098074, -0.078059909902
"A219, London, W6 9YE, UK",51.492223116333, -0.224573817209
"90 Queen Street, London, EC4N 1SA, UK",51.513417093788, -0.0921845064
"110 Fetter Lane, London, EC4A 1ES, UK",51.515952703318, -0.109400684065
"58-60 Stamford Street, London, SE1 9LX, UK",51.507127481283, -0.107931336438
"140 Ladbroke Grove, London, W10 5NE, UK",51.51777634083, -0.210161196573
"106-108 Brompton Road, London, SW3 1JJ, UK",51.499335119268, -0.164586715477
"27-28 Great Marlborough Street, London, W1F 7HY, UK",51.514150012113, -0.139977676465
"4 Sheldon Square, London, W2 6EZ, UK",51.519738683253, -0.180089296857
"Paddington Station, London, W2 1DA, UK",51.520987966866, -0.174048416979
"Melcombe Place, London, NW1 6JJ, UK",51.52231247809, -0.162851973715
"Gee's Court, London, W1U 1JF, UK",51.514755390359, -0.149920564215
"Marsh Wall, London, E14 9SH, UK",51.500319900998, -0.017645135389
"125 High Holborn, London, WC1V 6AN, UK",51.517605134559, -0.120900905132
"3 America Square, London, EC3N 2LR, UK",51.504336038645, -0.096006944135
"164 Buckingham Palace Road, London, SW1W 9TP, UK",51.492517279225, -0.148174362326
"London, E15 1AZ, UK",51.541262991513, -0.003337841483
"19-23 Horseferry Road, London, SW1P 2AA, UK",51.494812290736, -0.130635170067
"19-20 Liverpool Street, London, EC2M 7PD, UK",51.517419284916, -0.082811024079
"24 Farringdon Street, London, EC4A 4AB, UK",51.515804008355, -0.104032829452
"Hartmann Road, London, E16 2PB, UK",51.504147002243, 0.04640908914
"87-88 Strand, London, WC2R 0DW, UK",51.510195383574, -0.121585791987
"City Road, London, EC1Y 1HQ, UK",51.524100080842, -0.087223677005
"3 Mitcham Road, London, SW17 9PA, UK",51.423715600476, -0.16146479182
"Euston Road, London, NW1 2QP, UK",51.526477657897, -0.133412944823
"Fulham Road, London, SW6 1BW, UK",51.480136222808, -0.193915149227
"2-4 Camden High Street, London, NW1 0JH, UK",51.534826695702, -0.138508100127
"5 Vere Street, London, W1G 0DJ, UK",51.514982278283, -0.147127951607
"40 Stoney Street, London, SE1 9LB, UK",51.50690871361, -0.091218911154
"125-135 Fenchurch Street, London, EC3M 5DJ, UK",51.511740503605, -0.082034440749
"84-86 Holland Park Avenue, London, W11 3RB, UK",51.507162449539, -0.205891233409
"200 Aldersgate Street, London, EC1A 4HD, UK",51.517256850429, -0.096917607607
"157-168 Blackfriars Road, London, SE1 8EZ, UK",51.50182468984, -0.10448906962
"7 More London Place, London, SE1 2RT, UK",51.504785265845, -0.083327779033
"Buckingham Palace Road, London, SW1W 9SJ, UK",51.494305390629, -0.146502591738
"165-166 London Wall, London, EC2M 5QD, UK",51.517332993223, -0.088010234799
"128 Shoreditch High Street, London, E1 6JE, UK",51.526783505234, -0.078340703658
"64-68 New Oxford Street, London, WC1A 1AZ, UK",51.516943085975, -0.127206708838
"128 Queen Victoria Street, London, EC4V 4BY, UK",51.51207598928, -0.097775990189
"67 Coleman Street, London, EC2R 5BT, UK",51.516543585582, -0.089465165552
"5-11 Mortimer Street, London, W1T 3JB, UK",51.518643419965, -0.13727252378
"Retail Unit 1 Thomas More Square, London, E1W 1YN, UK",51.507794680776, -0.068598920511
"77-78 Saint Martin's Lane, London, WC2N 4AA, UK",51.51164310589, -0.127300825029
"3-5 Praed Street, London, W2 1NJ, UK",51.51867546044, -0.16928207174
"367B Fulham Road, London, SW10 9TN, UK",51.48541882151, -0.181703925391
"7-9 Queensway, London, W2 4QJ, UK",51.510768286656, -0.187281472696
"163 Piccadilly, London, W1J 9ED, UK",51.507770498985, -0.14011801227
"152 Waterloo Road, London, SE1 7AA, UK",51.502416587548, -0.110326101591
"141 Cheapside, London, EC2V 6BJ, UK",51.514547602979, -0.095994081393
"111 Westminster Bridge Road, London, SE1 7HR, UK",51.499036597786, -0.11316767899
"83 Chancery Lane, London, WC2A 1DD, UK",51.515830892849, -0.111945924517
"Pancras Rd, London, N1C 4AP, UK",51.53090450984, -0.124352406768
"3-5 Saint John Street, London, EC1M 4AA, UK",51.520006987974, -0.101909609559
"Arch 16 Station Place, London, N4 2DQ, UK",51.565070921978, -0.105607059182
"Cabot Square, London, E14 4QS, UK",51.506020692878, -0.02351098695
"Ariel Way, London, W12 7GA, UK",51.507457686359, -0.222295699745
"Ariel Way, London, W12 7HT, UK",51.510101715806, -0.221717180787
"4 Regent Place, London, W1B 5EA, UK",51.511153099831, -0.138306599175
"21 Spafield Street, London, EC1R 4QD, UK",51.525531709905, -0.110085066459
"202-206 Union Street, London, SE1 0LX, UK",51.503845714733, -0.102554680827
"92 Buckingham Palace Road, London, SW1W 0SS, UK",51.494366201337, -0.146870976382
"219 Finchley Road, London, NW3 6LP, UK",51.547393890715, -0.180182948266
"168-188 Fulham Palace Road, London, W6 9PA, UK",51.484812885283, -0.220396695761
"120-125 Strand, London, WC2R 0AP, UK",51.511018486466, -0.119534824099
"7-8 Saint Martin's Place, London, WC2N 4HA, UK",51.509293406973, -0.126720294415
"15 Old Brompton Road, London, SW7 3HZ, UK",51.493429691295, -0.174171505577
"161 City Road, London, EC1V 1NR, UK",51.527847326534, -0.089873259796
"Belvedere Road, London, SE1 8XX, UK",51.505267063374, -0.11608604477
"1 George Street, London, W1U 3QF, UK",51.517792195789, -0.154724316744
"190 Strand, London, WC2R 1DP, UK",51.512352508266, -0.113817527943
"192 Shoreditch High Street, London, E1 6HU, UK",51.52390201647, -0.077474601603
"3 Duke of York Street, London, SW1Y 6JP, UK",51.508246297719, -0.136425197188
"49-52 Bow Lane, London, EC4M 9DJ, UK",51.513611512032, -0.093300808265
"18 Hanover Street, London, W1S 1YN, UK",51.513898142354, -0.141740121095
"Hepdon Mews, London, SW17 0RE, UK",51.427798509331, -0.175228463567
"65 Long Acre, London, WC2E 9JD, UK",51.513913218637, -0.122847603691
"240-241 High Holborn, London, WC1V 7DN, UK",51.517655790654, -0.118747066382
"157 Camden High Street, London, NW1 7JY, UK",51.53811818526, -0.142199490286
"2 White Kennett Street, London, E1 7BS, UK",51.515255367177, -0.077049403156
"2 Canvey Street, London, SE1 9AN, UK",51.506010592685, -0.099610118242
"99 Gloucester Road, London, SW7 4SS, UK",51.494016005422, -0.182018559511
"27 Islington High Street, London, N1 9LH, UK",51.532869982316, -0.106403902223
"25 Villiers Street, London, WC2N 6ND, UK",51.508214320758, -0.123790567798
"43 King William Street, London, EC4R 9AN, UK",51.510026991139, -0.086689079221
"29-33 Kingsway, London, WC2B 6UF, UK",51.514301300754, -0.118520865272
"21-24 Grosvenor Place, London, SW1X 7HN, UK",51.499953410355, -0.149077260936
"Tottenham Court Road, London, W1D 1AN, UK",51.516610892264, -0.130834635408
"101 Turnmill Street, London, EC1M 5QP, UK",51.521596810021, -0.105629963347
"17 City Road, London, EC1Y 1AG, UK",51.522596283593, -0.086943302344
"14-16 Lombard Street, London, EC3V 9AU, UK",51.512734892343, -0.087611459876
"556 Oxford Street, London, W1C 1LZ, UK",51.513598897268, -0.158763472065
"Kensington High Street, London, W8 5SF, UK",51.50085421349, -0.19343437636
"Ariel Way, London, W12 7GR, UK",51.51046670578, -0.226818909974
"49 Eastcastle Street, London, W1W 8DZ, UK",51.516327416299, -0.139018390392
"32 Avery Row, London, W1K 4BE, UK",51.512230300117, -0.145252766155
"14-24 Caxton Street, London, SW1H 0QU, UK",51.498629614477, -0.136008532781
"Euston Station, London, NW1 2SX, UK",51.529226306141, -0.132868043209
"19 Eastcheap, London, EC3M 1BU, UK",51.510759334352, -0.084370256298
"298 Regent Street, London, W1B 3AP, UK",51.516347329518, -0.142317840604
"167 Borough High Street, London, SE1 1HR, UK",51.502851411469, -0.091687040446
"20 Baker Street, London, W1U 3BY, UK",51.517656786143, -0.155211305318
"8-10 King Street, London, W6 0QA, UK",51.493071281115, -0.22559003915
"49 Tothill Street, London, SW1H 9LQ, UK",51.499633770335, -0.132631140626
"121 Bethnal Green Road, London, E2 7DG, UK",51.524938690255, -0.071875993196
"121 Putney High Street, London, SW15 1SU, UK",51.462435215461, -0.216158973154
"21 Saint George Wharf, London, SW8 2JW, UK",51.484913863875, -0.127429794941
"240 Blackfriars Road, London, SE1 8NW, UK",51.506779590392, -0.104131484453
"39 Coventry Street, London, W1D 6BZ, UK",51.510278406325, -0.131630664753
"47-49 Tooley Street, London, SE1 2QN, UK",51.503936909839, -0.082434592807
"1 Finsbury Square, London, EC2A 1AE, UK",51.520424307393, -0.085994049642
"9/10 Goswell Road, London, EC1M 7AN, UK",51.521938220375, -0.097676496998
"52-54 Cannon Street, London, EC4N 6LY, UK",51.512082290548, -0.092701445702
"36-38 Cowcross Street, London, EC1M 6BY, UK",51.520628380366, -0.104911504362
"10 Paternoster Square, London, EC4M 7DY, UK",51.514764191357, -0.098798582376
"7-8 Rathbone Place, London, W1T 1HN, UK",51.516762898079, -0.133207887473
"7 Berkeley Square, London, W1J 6ES, UK",51.509472612063, -0.144462939419
"7 Westferry Circus, London, E14 4HD, UK",51.50611318718, -0.025927908731
"28 Fenchurch Avenue, London, EC3M 5AD, UK",51.51284381352, -0.081260204353
"182 Saint John Street, London, EC1V 4JZ, UK",51.524502915109, -0.103164883378
"5 Aldermanbury Square, London, EC2V 7HR, UK",51.517284587732, -0.093267280652
"Harbour Exchange Square, London, E14 9GE, UK",51.499617372548, -0.015611949148
"402 Saint John Street, London, EC1V 4NJ, UK",51.530829588603, -0.105814847147
"21 Mansell Street, London, E1 8AA, UK",51.513738791232, -0.073246266727
"95 Cannon Street, London, EC4N 5AE, UK",51.51172893934, -0.090656308925
"1 Canada Square, London, E14 4QS, UK",51.506176009544, -0.018121339389
"Westfield Avenue, London, E20 1ES, UK",51.543265512, -0.007403567437
"35 Frith Street, London, W1D 5LQ, UK",51.512715779949, -0.130748972358
"230-232 Earls Court Road, London, SW5 9RD, UK",51.492166594069, -0.193038601803
"Bank Street, London, E14 5NY, UK",51.502839551076, -0.018281810925
"1 Westfield Avenue, London, E20 1EJ, UK",51.542406980497, -0.008915669986
"1 The Pavement, London, SW4 0HY, UK",51.462052288172, -0.138073016308
"99 Chase Side, London, N14 5BU, UK",51.633680011907, -0.132979983526
"192 Haverstock Hill, London, NW3 2AJ, UK",51.550498404797, -0.164810127864
"Piccadilly, London, W1J 0DP, UK",51.509171995106, -0.137479808246
"Creek Road, London, SE10 9EJ, UK",51.481614309122, -0.010685417806
"200 Balham High Road, London, SW12 9DH, UK",51.443697512822, -0.153061766249
"13 Clifton Road, London, W9 1SZ, UK",51.525607188943, -0.179029824296
"Eversholt Street, London, NW1 2RT, UK",51.52866411094, -0.133296400371
"Bothwell Close, London, E16 1QT, UK",51.516287811807, 0.016786102213
"York Road, London, SE1 7NA, UK",51.503897913035, -0.11508688336
"356-358 South Lambeth Road, London, SW8 1UG, UK",51.472676015213, -0.122513333393
"8 Victoria Road, London, KT6 4JL, UK",51.392908585906, -0.305262291946
"Unit LG4, 100 Liverpool Street, London, EC2M 2RH, UK",51.517898184954, -0.083391470873
"172 Stoke Newington High Street, London, N16 0PE, UK",51.561559686233, -0.073570059647
"252 Tottenham Court Road, London, W1T 7RB, UK",51.517760442675, -0.131355776924
"Circus Rd W, London, SW8 5BN, UK",51.481956122862, -0.146007877493
"Chiswick Park, London, W4 5YA, UK",51.497206186264, -0.272879505571
"19-21 Ludgate Hill, London, EC4M 7AE, UK",51.513701994677, -0.101324804174
"73 Russell Square, London, WC1B 5BG, UK",51.5219486366, -0.124535224813
"173 Victoria Street, London, SW1E 5NA, UK",51.496341983553, -0.142130926318
"336 Chiswick High Road, London, W4 5TL, UK",51.492528536098, -0.262324901963
"M1, London, DE74 2TN, UK",52.834995581226, -1.276712129487
"M42 JCT 10 GREEN LANE, London, B77 5PS, UK",51.583517296977, -0.214518467064
"M6, London, ST15 0EU, UK",53.49519063172, -2.278267385473
"M62/A1m jct 33 Knottingley, London, WF11 0AF, UK",53.701278517815, -1.276336704044
"101 Kilburn High Road, London, NW6 6JE, UK",51.538303802506, -0.194138204769
"Great Cambridge, Road Enfield Greater london, London, EN1 1JD, UK",51.642359179278, -0.06143121983
"197 Muswell Hill Broadway, London, N10 3RS, UK",51.590933814454, -0.142884207956
"Saint John's Hill, London, SW11 1SS, UK",51.460501361931, -0.176215206992
"357-361 Lewisham High Street, London, SE13 6NZ, UK",51.454927091239, -0.015959826035
"5 Millennium Way, London, SE10 0PH, UK",51.500638405477, 0.002570703962
"Broad Lane, London, N15 4QT, UK",51.587091949843, -0.063746328813
"Unit SUK2 Two Rivers Shopping Centre, London, TW18 4UP, UK",51.434604405162, -0.511050001025
"84-89 Harrow Manorway, London, SE2 9SA, UK",51.499352092622, 0.121242804509
"Essington wolverhampton staffordshire, London, WV11 2AT, UK",52.6256916, -2.0607919
"cobham extra motorway services downside cobham, London, KT11 3DB, UK",51.30452238084, -0.406038584377
"130 West End Lane, London, NW6 1SA, UK",51.547223991504, -0.190868005245
"9-10 Wells Terrace, London, N4 3JU, UK",51.565224589578, -0.108115822127
"2 Golders Green Road, London, NW11 8LH, UK",51.572101899223, -0.196105269807
"16B The Concourse, London, N9 0TY, UK",51.624951291271, -0.059575561503
"45/47 Parsons Green Lane, London, SW6 4HH, UK",51.475311788486, -0.200596712623
"Station Road, London, SE13 5FQ, UK",51.464968455119, -0.013242545654
"45 High Street, London, W5 5AW, UK",51.512929895666, -0.304644210406
"Prince Charles Drive, London, NW4 3FB, UK",51.57641589715, -0.223791701823
"200 Aldersgate Street, London, EC1A 4HD, UK",51.517256850429, -0.096917607607
"Amhurst Road, London, E8 1JB, UK",51.547611403068, -0.055242609258
"Shell Burgess Hill. 173 London Road Burgess Hill, West Sussex, London, RH15 8LJ, UK",50.957927289865, -0.139258531918
"21 Wimbledon Bridge, London, SW19 7NH, UK",51.420983745097, -0.206689888
"J15 A1 Toll bar way Sawtry Huntingdon, London Premium, PE28 5XW, UK",52.367547197113, -0.463449386106
"Airport Approach Road, Luton, LU2 9LY, UK",51.877831482272, -0.376313673508
"Airport Way, Luton, LU2 9LY, UK",51.876739299333, -0.37808552402
"Airside Departure Lounge, Luton, LU2 9LY, UK",51.877831482272, -0.376313673508
"Mount Pleasant Road, Luton, LU3 2RR, UK",51.905943397015, -0.457449405144
"Garden Blvd, Maidenhead, SL6 1QQ, UK",51.515599561438, -0.755797752995
"Fremlin Walk, Maidstone, ME14 1QG, UK",51.275165556143, 0.520183583425
"60 The Trafford Centre, Manchester, M17 8DA, UK",53.466178999965, -2.34900481177
"4 Hardman Square, Manchester, M3 3EB, UK",53.479855499919, -2.252283600276
"Ramp Road South, Manchester, M90 1QX, UK",53.361880799458, -2.270840463355
"34 Oxford Street, Manchester, M1 5EL, UK",53.476272613498, -2.242929228695
"27 Cross Street, Manchester, M2 1WL, UK",53.481859612969, -2.244244014027
"A6, Manchester, M1 2BN, UK",53.476876487712, -2.229807275454
"T1 Outwood Lane, Manchester, M90 3FE, UK",53.361932390072, -2.271877723873
"University Green, Manchester, M13 9GP, UK",53.4672, -2.2364
"79-81 Deansgate, Manchester, M3 2BW, UK",53.482298992333, -2.246653475914
"Corporation Street, Manchester, M4 3AQ, UK",53.482936016974, -2.242799560652
"1 Portland Street, Manchester, M1 1RG, UK",53.480491602551, -2.23465888865
"Atlanta Avenue, Manchester, M90 1QX, UK",53.361880799458, -2.270840463355
"Atlanta Ave, Manchester, M90 1QX, UK",53.361880799458, -2.270840463355
"Chancellor Lane, Manchester, M12 6JZ, UK",53.473555988882, -2.216339574394
"9 Market Square, Market Harborough, Market Harborough, LE16 7PA, UK",52.4777867, -0.9208648
"27-29 Eagle Walk, Milton Keynes, MK9 3AJ, UK",52.044321811779, -0.753676426017
"500 Elder Gate, Milton Keynes, MK9 1BB, UK",52.033697114393, -0.770366441053
"Saxon Gate, Milton Keynes, MK9 3GB, UK",52.041011882034, -0.75697612984
"Malden Way, New Malden, KT3 6HF, UK",51.398845336836, -0.243912873076
"93 Northbrook Street, Newbury, RG14 1AA, UK",51.402348410991, -1.32466013605
"Units 5-7, Central station, Neville street Newcastle upon Tyne, Newcastle, NE1 5DL, UK",54.9692621, -1.6165219
"142-145 Northumberland Street, Newcastle upon Tyne, NE1 7AG, UK",54.977606545231, -1.613580623427
"11 Haymarket, Norwich, NR2 1QD, UK",52.627061182925, 1.293707695461
"10 High Street, Nottingham, NG1 2ET, UK",52.953356394057, -1.147824274911
"Cray Avenue, Orpington, BR5 3RP, UK",51.392845186432, 0.111319183797
"26-27 Cornmarket Street, Oxford, OX1 3EY, UK",51.753290861957, -1.258422385381
"Castle Street, Oxford, OX1 1NZ, UK",51.75072130363, -1.260926994151
"240 Banbury Road, Oxford, OX2 7BY, UK",51.776490081929, -1.264234074049
"West Wing Headley Way, Oxford, OX3 9DU, UK",51.763870581875, -1.219806299182
"2 Cornmarket St, Oxford, Oxford, OX1 3EX, UK",51.752139689285, -1.257725610052
"Unit 2, Oxford Train Station Park End Street, Oxford, Oxford, OX1 1HS, UK",51.7533761, -1.2701125
"23 Bignells Corner, Potters Bar, EN6 3QQ, UK",51.687465804483, -0.221719779177
"211 Shinfield Road, Reading, RG2 8HA, UK",51.427576891811, -0.945973964849
"M4, Reading, RG30 3UQ, UK",51.426185789251, -1.034975611155
"39 Broad Street, Reading, RG1 2AQ, UK",51.456170203842, -0.972638894325
"Station Road, Reading, RG1 1LX, UK",51.45808530108, -0.972109241864
"M4 East Burgh Field, Reading, RG30 3UQ, UK",51.426185789251, -1.034975611155
"1 Bell Street, Reigate, RH2 7AA, UK",51.237687764393, -0.205696440955
"37 Lower George Street, Richmond, TW9 1HY, UK",51.460997886705, -0.303475270189
"Western Road, Romford, RM1 3RJ, UK",51.576433750604, 0.182466614145
"WELCOME BREAK MOTORWAY SERVICES ORCHARD ROAD, WHISTON, ROTHERHAM, Rotherham, S60 4EQ, UK",53.4066057, -1.3092132
"465 Victoria Road, Ruislip, HA4 0EQ, UK",51.559126000646, -0.397621980122
"Rushden Lakes, Rushden, NN10 6FH, UK",52.3010032, -0.6215028
"Orange, Salford, M50 2HE, UK",53.473068798647, -2.297114796144
"31 New Canal, Salisbury, SP1 2AA, UK",51.068281289688, -1.795654111447
"127 High Street, Sevenoaks, TN13 1UP, UK",51.271812213246, 0.192409101963
"Unit 5, The Arcade Sheffield, Sheffield, S9 1EH, UK",53.417036697928, -1.454426497898
"Unit C02, 35 Cambridge St Sheffield City Centre, Sheffield, Sheffield, S1 4HN, UK",53.378863080115, -1.471663378864
"Meadowhall Way, Sheffield, S9 1EL, UK",53.414687711473, -1.409323979825
"Shepton Mallet, Wessex filling station A37, Somerset, Shepton Mallet, BA4 4LY, UK",51.175288311753, -2.53570675968
"2-3 Pride Hill, Shrewsbury, SY1 1DB, UK",52.708424191321, -2.754338478089
"Unit 29a High Street, Solihull, B91 3TA, UK",52.412921357927, -1.777707085692
"Westway, Somerset, BA16 0BB, UK",51.12828561623, -2.740229807207
"Unit 3 Gower Building Burgess Road, Southampton, SO17 1TW, UK",50.937723718089, -1.397574479411
"M6 north j41/42 broadfield site carlisle, Southwaite, CA4 0NT, UK",54.798918787762, -2.869956941749
"M6 south j41/42 broadfield site carlisle, Southwaite, CA4 0NT, UK",54.798918787762, -2.869956941749
"25-27 Saint Peter's Street, St Albans, AL1 3DP, UK",51.753096353846, -0.338184847121
"107-109 Market Street, St Andrews, St Andrews, KY16 9NX, UK",56.340710616829, -2.795864521896
"St Clears Roundabout, Tenby Road, St Clears, St Clears, SA33 4JW, UK",51.816776, -4.505538
"Terminal Rd N, Stansted, CM24 1RW, UK",51.889938806132, 0.261740684631
"Bassingbourn Road, Stansted, CM24 8QW, UK",51.881235584865, 0.248200531205
"Henley Street, Stratford-Upon-Avon, CV37 6EY, UK",52.193147112705, -1.707781172221
"High Street, Surrey, KT11 3EE, UK",51.328146560219, -0.41049556004
"84 High Street, Sutton, SM1 1EX, UK",51.364375943221, -0.19349969405
"Unit 44-76, Cotswolds Designer Outlet Platinum Drive, Ashchurch, Tewkesbury, Tewkesbury, GL20 7FY, UK",51.9959298, -2.1377332
"Toddington Bedfordshire m1 jct 11/12, Toddington, LU5 6HR, UK",51.938030096433, -0.551568566253
"121-123 Mount Pleasant Road, Tunbridge Wells, TN1 1QR, UK",51.134207095548, 0.263290582347
"21 King Street, Twickenham, TW1 3SD, UK",51.445793617259, -0.328800017167
"The Pavillions Shopping Centre Grainge Yard, Uxbridge, Uxbridge, UB8 1LN, UK",51.547033, -0.481431
"Warwick Southbound Services, M40 Motorway Jct 12/13 &14/12, Banbury Road, Ashorne, Warwick, CV35 0AA, UK",52.220033911159, -1.515707262566
"1 The Parade, Watford, WD17 1LQ, UK",51.657121303332, -0.398217681981
"48 Wembley Park Boulevard, Wembley, HA9 0FD, UK",51.556700780781, -0.283963792158
"13 Oxford Road, West Berkshire, RG13 9XX, UK",51.407993790418, -1.329630101719
"A1m A1M, Wetherby, LS22 5GT, UK",53.948033491125, -1.369829960805
"9 High Street, Weybridge, KT13 8ED, UK",51.372653004421, -0.45794963858
"25 High Street, Winchester, SO23 9BL, UK",51.062419992435, -1.309059989317
"M3, Winchester, SO21 1PP, UK",51.115182103177, -1.2547072029
"52 King Edward Court, Windsor, SL4 1TG, UK",51.481865, -0.611097
"Unit 41, Wolsey Walk, Woking, GU21 6XX, UK",51.319521503206, -0.559294391684
"21-23 Montague Street, Worthing, BN11 3HA, UK",50.810407111235, -0.370498908287
"331 Brighton Road, Worthing, BN11 2HP, UK",50.816119988829, -0.339489961201
"Mossy Lea Road, Wrightington, WN6 9RB, UK",53.592244165927, -2.69512222983
"Saint Nicholas Avenue, York, YO19 4TA, UK",53.922135002875, -1.077467334027
"Station Road, York, YO24 1AB, UK",53.95847231334, -1.092607230457
"33 Parliament Street, York, YO1 8RU, UK",53.958983029649, -1.081270817813
